NIP;ID;Nazwa;Nazwa 2;01.2022;02.2022;03.2022;04.2022;05.2022;06.2022;07.2022;08.2022;09.2022;10.2022;11.2022;12.2022;01.2023;02.2023;03.2023;04.2023;05.2023;06.2023;07.2023;08.2023;09.2023;10.2023;11.2023;12.2023;01.2024;02.2024;03.2024;04.2024;05.2024;06.2024;07.2024;08.2024;09.2024;10.2024;11.2024;12.2024;01.2025;02.2025;03.2025;04.2025;05.2025;06.2025;07.2025;08.2025;09.2025;10.2025;11.2025;12.2025
5262380182;;Przychodnia KEN (CM Woronicza);;439,02 zł;439,02 zł;439,02 zł;rezygnacja;;;;;;;;;;;;;;;;;;;;;;;;;;;;;;;;;;;;;;;;;;;;
5251488680;18;Poradnia Lekarska dr Alicja Karney;;950,00 zł;950,00 zł;950,00 zł;950,00 zł;950,00 zł;950,00 zł;950,00 zł;950,00 zł;950,00 zł;rezygnacja;;;;;;;;;;;;;;;;;;;;;;;;;;;;;;;;;;;;;;
8982173923;222;PCM Optimum / Orthos;;1 910,00 zł;1 910,00 zł;1 910,00 zł;1 910,00 zł;1 910,00 zł;1 910,00 zł;rezygnacja;;;;;;;;;;;;;;;;;;;;;;;;;;;;;;;;;;;;;;;;;
5840203541;;LSSP (Lekarska Specjalistyczna Spółdzielnia Pracy);;rezygnacja;;;;;;;;;;;;;;;;;;;;;;;;;;;;;;;;;;;;;;;;;;;;;;;
7792425870;333;Centrum LA VIE;;495,00 zł;495,00 zł;495,00 zł;495,00 zł;495,00 zł;495,00 zł;495,00 zł;495,00 zł;495,00 zł;495,00 zł;495,00 zł;495,00 zł;rezygnacja;;;;;;;;;;;;;;;;;;;;;;;;;;;;;;;;;;;
;355;CM DoktorA;;0,00 zł;0,00 zł;0;1 370,00 zł;1 370,00 zł;1 370,00 zł;rezygnacja;;;;;;;;;;;;;;;;;;;;;;;;;;;;;;;;;;;;;;;;;
8992306076;368;Prywatna Poliklinika na Grobli;;1 344,00 zł;1 344,00 zł;1 344,00 zł;1 344,00 zł;1 344,00 zł;1 344,00 zł;1 344,00 zł;1 344,00 zł;rezygnacja;;;;;;;;;;;;;;;;;;;;;;;;;;;;;;;;;;;;;;;
7010343001;;SZPITAL OKULISTYCZNY RETINA;;2 154,50 zł;2 154,50 zł;2 154,50 zł;2 154,50 zł;2 154,50 zł;2 154,50 zł;2 154,50 zł;2 154,50 zł;2 154,50 zł;rezygnacja;;;;;;;;;;;;;;;;;;;;;;;;;;;;;;;;;;;;;;
5213691717;;Voltamed;;1 541,11 zł;1 541,11 zł;rezygnacja;;;;;;;;;;;;;;;;;;;;;;;;;;;;;;;;;;;;;;;;;;;;;
6482796979;;Salveo Ustroń;;510,00 zł;510,00 zł;510,00 zł;510,00 zł;510,00 zł;510,00 zł;rezygnacja;;;;;;;;;;;;;;;;;;;;;;;;;;;;;;;;;;;;;;;;;
5422964757;;Gastromed Białystok;;711,20 zł;711,20 zł;rezygnacja;;;;;;;;;;;;;;;;;;;;;;;;;;;;;;;;;;;;;;;;;;;;;
;538;AM Medic;;609,75 zł;609,75 zł;609,75 zł;609,75 zł;609,75 zł;rezygnacja;;;;;;;;;;;;;;;;;;;;;;;;;;;;;;;;;;;;;;;;;;
;;Gabinet Weterynaryjny Gryf;;540,00 zł;rezygnacja;;;;;;;;;;;;;;;;;;;;;;;;;;;;;;;;;;;;;;;;;;;;;;
5213912615;;Mental Path (dawniej Centrum Terapii i Kreatywności);;407,00 zł;957,00 zł;957,00 zł;957,00 zł;957,00 zł;957,00 zł;0,00 zł;rezygnacja;;;;;;;;;;;;;;;;;;;;;;;;;;;;;;;;;;;;;;;;
6922264302;;Medinet;;1 936,00 zł;rezygnacja;;;;;;;;;;;;;;;;;;;;;;;;;;;;;;;;;;;;;;;;;;;;;;
5671583830;;NZOZ Vitamed Czerwińsk (NIP: 5671583830);;813,00 zł;rezygnacja;;;;;;;;;;;;;;;;;;;;;;;;;;;;;;;;;;;;;;;;;;;;;;
7773358902;;CM Komorniki;;900,00 zł;900,00 zł;rezygnacja;;;;;;;;;;;;;;;;;;;;;;;;;;;;;;;;;;;;;;;;;;;;;
7921300143;;MedJar;;1 010,40 zł;rezygnacja;;;;;;;;;;;;;;;;;;;;;;;;;;;;;;;;;;;;;;;;;;;;;;
5223096548;;CO TAM?;;1 463,41 zł;1 463,41 zł;1 463,41 zł;1 463,41 zł;1 463,41 zł;1 463,41 zł;1 463,41 zł;1 463,41 zł;rezygnacja;;;;;;;;;;;;;;;;;;;;;;;;;;;;;;;;;;;;;;;
9512515321;663;Vaxmed;;1 575,00 zł;1 575,00 zł;1 575,00 zł;1 575,00 zł;rezygnacja;;;;;;;;;;;;;;;;;;;;;;;;;;;;;;;;;;;;;;;;;;;
8762458977;;Centrum Zdrowia Na Skarpie;;850,00 zł;850,00 zł;rezygnacja;;;;;;;;;;;;;;;;;;;;;;;;;;;;;;;;;;;;;;;;;;;;;
8811376536;652;Esderm;;817,20 zł;817,20 zł;rezygnacja;;;;;;;;;;;;;;;;;;;;;;;;;;;;;;;;;;;;;;;;;;;;;
5213854438;;Centrum Psychoterapii i Rozwoju Kontakt;;298,10 zł;298,10 zł;298,10 zł;0,00 zł;rezygnacja;;;;;;;;;;;;;;;;;;;;;;;;;;;;;;;;;;;;;;;;;;;
6772444728;671;Centrum Terapii Synteza;;596,20 zł;596,20 zł;0,00 zł;0,00 zł;rezygnacja;;;;;;;;;;;;;;;;;;;;;;;;;;;;;;;;;;;;;;;;;;;
7272771778;;JMC Stomatologia;;908,00 zł;908,00 zł;908,00 zł;908,00 zł;rezygnacja;;;;;;;;;;;;;;;;;;;;;;;;;;;;;;;;;;;;;;;;;;;
5252808164;;Jutro Medical;;1 385,00 zł;1 544,00 zł;1 544,00 zł;1 544,00 zł;1 544,00 zł;1 544,00 zł;rezygnacja;;;;;;;;;;;;;;;;;;;;;;;;;;;;;;;;;;;;;;;;;
;;Ortovet;;750,00 zł;750,00 zł;750,00 zł;750,00 zł;rezygnacja;;;;;;;;;;;;;;;;;;;;;;;;;;;;;;;;;;;;;;;;;;;
;748;Przychodnia Weterynaryjna przy Orlej;;714,42 zł;1 165,00 zł;rezygnacja;;;;;;;;;;;;;;;;;;;;;;;;;;;;;;;;;;;;;;;;;;;;;
7121640630;;Klinika Pięknego Uśmiechu;;1 226,00 zł;1 226,00 zł;1 226,00 zł;1 226,00 zł;1 226,00 zł;1 226,00 zł;1 226,00 zł;rezygnacja;;;;;;;;;;;;;;;;;;;;;;;;;;;;;;;;;;;;;;;;
8361832306;;MW Clinic;;;500,00 zł;500,00 zł;500,00 zł;908,00 zł;908,00 zł;908,00 zł;908,00 zł;908,00 zł;rezygnacja;;;;;;;;;;;;;;;;;;;;;;;;;;;;;;;;;;;;;;
6791253691;836;NZOZ Werra;;;;;;;;1 031,90 zł;1 031,90 zł;1 031,90 zł;1 031,90 zł;1 031,90 zł;rezygnacja;;;;;;;;;;;;;;;;;;;;;;;;;;;;;;;;;;;;
9562319912;;CM Judyta (+ Teledesk);;;;;;;;3 060,00 zł;3 060,00 zł;3 060,00 zł;3 060,00 zł;3 060,00 zł;3 060,00 zł;rezygnacja;;;;;;;;;;;;;;;;;;;;;;;;;;;;;;;;;;;
6772250007;;CMC Kraków | MK Vertigo;;1 116,00 zł;1 116,00 zł;1 116,00 zł;1 116,00 zł;1 116,00 zł;1 116,00 zł;1 116,00 zł;1 116,00 zł;1 116,00 zł;1 116,00 zł;Przejście na VoIP;;;;;;;;;;;;;;;;;;;;;;;;;;;;;;;;;;;;;
;508;Na Nowo Wilanów;;1 000,00 zł;1 000,00 zł;1 000,00 zł;1 000,00 zł;1 000,00 zł;650,41 zł;0,00 zł;0,00 zł;0,00 zł;0,00 zł;650,41 zł;650,41 zł;rezygnacja;;;;;;;;;;;;;;;;;;;;;;;;;;;;;;;;;;;
;458;FC Med (Familijne Centrum Medyczne);;1 160,00 zł;1 160,00 zł;1 160,00 zł;1 160,00 zł;1 160,00 zł;1 160,00 zł;1 044,90 zł;1 160,00 zł;1 160,00 zł;1 160,00 zł;1 160,00 zł;1 160,00 zł;1 160,00 zł;rezygnacja;;;;;;;;;;;;;;;;;;;;;;;;;;;;;;;;;;
8943128568;383;Premium Clinic Wrocław;;500,00 zł;500,00 zł;500,00 zł;500,00 zł;500,00 zł;500,00 zł;500,00 zł;500,00 zł;500,00 zł;500,00 zł;500,00 zł;500,00 zł;500,00 zł;rezygnacja;;;;;;;;;;;;;;;;;;;;;;;;;;;;;;;;;;
;;Dental Sand;;1 032,65 zł;1 067,00 zł;0,00 zł;1 067,00 zł;1 067,00 zł;1 067,00 zł;1 067,00 zł;1 067,00 zł;1 067,00 zł;1 067,00 zł;1 067,00 zł;1 067,00 zł;1 067,00 zł;1 067,00 zł;rezygnacja;;;;;;;;;;;;;;;;;;;;;;;;;;;;;;;;;
5223156256;;CM Jelonki;;957,00 zł;957,00 zł;957,00 zł;957,00 zł;957,00 zł;957,00 zł;957,00 zł;300,00 zł;300,00 zł;300,00 zł;300,00 zł;300,00 zł;300,00 zł;300,00 zł;rezygnacja;;;;;;;;;;;;;;;;;;;;;;;;;;;;;;;;;
8942995292;;Dental Salon;;808,00 zł;808,00 zł;808,00 zł;808,00 zł;808,00 zł;808,00 zł;808,00 zł;808,00 zł;808,00 zł;808,00 zł;808,00 zł;808,00 zł;808,00 zł;929,20 zł;rezygnacja;;;;;;;;;;;;;;;;;;;;;;;;;;;;;;;;;
9552385043;;Sanatorium Uzdrowiskowe Marta;;792,00 zł;792,00 zł;792,00 zł;792,00 zł;792,00 zł;1 583,00 zł;1 583,00 zł;1 583,00 zł;1 583,00 zł;1 583,00 zł;1 583,00 zł;1 583,00 zł;1 583,00 zł;1 583,00 zł;1 583,00 zł;przejście na voip;;;;;;;;;;;;;;;;;;;;;;;;;;;;;;;;
5272651441;;Cinismed;;300,00 zł;300,00 zł;300,00 zł;300,00 zł;300,00 zł;300,00 zł;300,00 zł;300,00 zł;300,00 zł;300,00 zł;300,00 zł;300,00 zł;300,00 zł;345,00 zł;rezygnacja;;;;;;;;;;;;;;;;;;;;;;;;;;;;;;;;;
9570303587;;NZOZ Fona-Med;;1 006,00 zł;1 006,00 zł;1 006,00 zł;1 006,00 zł;1 006,00 zł;1 006,00 zł;1 006,00 zł;1 006,00 zł;1 006,00 zł;1 006,00 zł;1 006,00 zł;1 006,00 zł;1 006,00 zł;1 156,90 zł;rezygnacja;;;;;;;;;;;;;;;;;;;;;;;;;;;;;;;;;
8942995292;;Dental Salon;;808,00 zł;808,00 zł;808,00 zł;808,00 zł;808,00 zł;808,00 zł;808,00 zł;808,00 zł;808,00 zł;808,00 zł;808,00 zł;808,00 zł;rezygnacja;;;;;;;;;;;;;;;;;;;;;;;;;;;;;;;;;;;
6612364481;796;Cudmed;;;1 300,81 zł;1 300,81 zł;1 300,81 zł;1 300,81 zł;1 300,81 zł;1 300,81 zł;1 300,81 zł;1 300,81 zł;1 300,81 zł;1 300,81 zł;1 300,81 zł;1 300,81 zł;1 495,93 zł;1 495,93 zł;1 495,93 zł;rezygnacja;;;;;;;;;;;;;;;;;;;;;;;;;;;;;;;
8133690835;674;Alfavet;;900,00 zł;900,00 zł;900,00 zł;0,00 zł;900,00 zł;900,00 zł;900,00 zł;900,00 zł;900,00 zł;900,00 zł;900,00 zł;900,00 zł;900,00 zł;900,00 zł;900,00 zł;900,00 zł;rezygnacja;;;;;;;;;;;;;;;;;;;;;;;;;;;;;;;
7712886908;;Przychodnia Weterynaryjna Jamniczek (MR);;;;;;;;;;;;;;;;;1 096,46 zł;rezygnacja;;;;;;;;;;;;;;;;;;;;;;;;;;;;;;;
;;Szpital św. Wojciecha;;2 100,00 zł;2 100,00 zł;2 100,00 zł;2 100,00 zł;2 100,00 zł;2 100,00 zł;2 100,00 zł;1 680,00 zł;2 100,00 zł;1 680,00 zł;2 100,00 zł;0,00 zł;2 100,00 zł;2 100,00 zł;2 100,00 zł;2 100,00 zł;2 100,00 zł;rezygnacja;;;;;;;;;;;;;;;;;;;;;;;;;;;;;;
5252350506;103;NZOZ Sep-Med;;406,50 zł;406,50 zł;406,50 zł;406,50 zł;406,50 zł;406,50 zł;406,50 zł;325,20 zł;325,20 zł;325,20 zł;325,20 zł;325,20 zł;325,20 zł;373,98 zł;373,98 zł;373,98 zł;373,98 zł;rezygnacja;;;;;;;;;;;;;;;;;;;;;;;;;;;;;;
8722425285;912;Odontic Dębica;;;;;;;;;;;;;1 086,97 zł;1 296,00 zł;1 296,00 zł;1 296,00 zł;1 296,00 zł;rezygnacja;;;;;;;;;;;;;;;;;;;;;;;;;;;;;;;
7811850291;;SZPITAL PODOLANY POZNAŃ;;790,00 zł;790,00 zł;790,00 zł;790,00 zł;790,00 zł;790,00 zł;790,00 zł;790,00 zł;790,00 zł;790,00 zł;790,00 zł;790,00 zł;790,00 zł;908,5;rezygnacja;;;;;;;;;;;;;;;;;;;;;;;;;;;;;;;;;
5862324364;516;HMS Assistance;;2 943,20 zł;2 943,20 zł;2 943,20 zł;2 943,20 zł;2 943,20 zł;2 943,20 zł;2 943,20 zł;2 943,20 zł;2 943,20 zł;2 943,20 zł;2 943,20 zł;2 943,20 zł;2 943,20 zł;2 943,20 zł;2 943,20 zł;2 943,20 zł;2 943,20 zł;rezygnacja;;;;;;;;;;;;;;;;;;;;;;;;;;;;;;
5611596533 ;858;SmartVet (Medyczne Rewolucje);;SmartVet (Medyczne Rewolucje);;;;;;;;;;362,71 zł;468,50 zł;468,50 zł;468,50 zł;468,50 zł;725,15 zł;przejście na VoIP;;;;;;;;;;;;;;;;;;;;;;;;;;;;;;;
8481718487;;Fizjonel;;;;;;;;;;;;;;267,56 zł;1 036,80 zł;1 036,80 zł;1 036,80 zł;1 036,80 zł;1 036,80 zł;rezygnacja;;;;;;;;;;;;;;;;;;;;;;;;;;;;;
5862245682;;Gameta Gdynia;;;;;;;;;;;;;3 510,00 zł;4 036,50 zł;4 036,50 zł;4 036,50 zł;4 036,50 zł;4 036,50 zł;4 036,50 zł;rezygnacja;;;;;;;;;;;;;;;;;;;;;;;;;;;;;
8942722074;;M-Med;;1 481,00 zł;1 481,00 zł;1 481,00 zł;1 481,00 zł;1 481,00 zł;1 481,00 zł;1 481,00 zł;1 481,00 zł;1 481,00 zł;1 481,00 zł;1 481,00 zł;1 481,00 zł;1 703,15 zł;1 703,15 zł;1 703,15 zł;1 703,15 zł;1 703,15 zł;1 703,15 zł;rezygnacja;;;;;;;;;;;;;;;;;;;;;;;;;;;;;
8943144053;;Wrocław Medical Center;;;;;;;;;603,20 zł;813,01 zł;813,01 zł;813,01 zł;813,01 zł;813,01 zł; 934,96    ;934,96 zł;934,96 zł;934,96 zł;934,96 zł;rezygnacja;;;;;;;;;;;;;;;;;;;;;;;;;;;;;
7011016480;;Centrum Medycyny Konopnej;;1 167,00 zł;1 167,00 zł;1 167,00 zł;1 167,00 zł;1 213,16 zł;1 326,00 zł;1 326,00 zł;1 326,00 zł;1 326,00 zł;1 326,00 zł;1 326,00 zł;1 326,00 zł;1 326,00 zł;1 524,90 zł;1 524,90 zł;1 524,90 zł;1 524,90 zł;1 524,90 zł;rezygnacja;;;;;;;;;;;;;;;;;;;;;;;;;;;;;
9562304388;;Neuca Med Sp. z o.o.;;;;;;;;;;;;;;;;;451,25 zł;1 353,75 zł;1 353,75 zł;1 353,75 zł;1 353,75 zł;1 353,75 zł;rezygnacja;;;;;;;;;;;;;;;;;;;;;;;;;;
9562304388;;Neuca Med Sp. z o.o.;;;;;;;;;;;;;;;;;451,25 zł;1 353,75 zł;1 353,75 zł;1 353,75 zł;1 353,75 zł;1 353,75 zł;rezygnacja;;;;;;;;;;;;;;;;;;;;;;;;;;
9562304388;;Neuca Med Sp. z o.o.;;;;;;;;;;;;;;;;;451,25 zł;1 353,75 zł;1 353,75 zł;1 353,75 zł;1 353,75 zł;1 353,75 zł;rezygnacja;;;;;;;;;;;;;;;;;;;;;;;;;;
9562304388;;Neuca Med Sp. z o.o.;;;;;;;;;;;;;;;;;451,25 zł;1 353,75 zł;1 353,75 zł;1 353,75 zł;1 353,75 zł;1 353,75 zł;rezygnacja;;;;;;;;;;;;;;;;;;;;;;;;;;
7831848096;;Warto Razem Medical Labor Securus Sp. z o. o.;;;;;;;;;;;;;;;;;1 296,00 zł;1 296,00 zł;1 296,00 zł;1 296,00 zł;1 296,00 zł;1 296,00 zł;rezygnacja;;;;;;;;;;;;;;;;;;;;;;;;;;
9451974588;;Szczepan Wiecha Sportslab;;;;;;;;;;;376,58 zł;449,00 zł;449,00 zł;532,87 zł;631,35 zł;505,08 zł;631,35 zł;631,35 zł;631,35 zł;631,35 zł;631,35 zł;rezygnacja;;;;;;;;;;;;;;;;;;;;;;;;;;;
9541509300;;Poradnia Stomatologiczna - Ewa Klimek;;;;;546,83 zł;965,00 zł;965,00 zł;965,00 zł;965,00 zł;965,00 zł;965,00 zł;965,00 zł;965,00 zł;965,00 zł;1109,75;1 109,75 zł;1 109,75 zł;1 109,75 zł;1 109,75 zł;1 109,75 zł;1 109,75 zł;rezygnacja;;;;;;;;;;;;;;;;;;;;;;;;;;;
9592055978;;Belgravia Medical Piotr Grabowski Spółka Komandytowa;;522,58 zł;600,00 zł;600,00 zł;600,00 zł;600,00 zł;600,00 zł;868,26 zł;908,00 zł;908,00 zł;908,00 zł;908,00 zł;908,00 zł;908,00 zł;1 044,20 zł;1 044,20 zł;1 044,20 zł;1 044,20 zł;1 044,20 zł;1 044,20 zł;1 044,20 zł;1 044,20 zł;rezygnacja;;;;;;;;;;;;;;;;;;;;;;;;;;
8291579611;;Niepubliczny Zakład Opieki Zdrowotnej Medicus Spółka Z Ograniczoną Odpowiedzialnością;;1 300,00 zł;1 300,00 zł;1 300,00 zł;1 300,00 zł;1 300,00 zł;1 300,00 zł;1 300,00 zł;1 300,00 zł;1 300,00 zł;1 300,00 zł;1 300,00 zł;1 300,00 zł;1 300,00 zł;1 300,00 zł;1 300,00 zł;1 300,00 zł;1 300,00 zł;1 300,00 zł;1 300,00 zł;rezygnacja;;;;;;;;;;;;;;;;;;;;;;;;;;;;
6312382167;;B-Dental Baron Spółka Jawna;;813,00 zł;813,00 zł;813,00 zł;813,00 zł;813,00 zł;1 000,00 zł;1 000,00 zł;1 000,00 zł;1 000,00 zł;1 000,00 zł;1 000,00 zł;1 000,00 zł;1 000,00 zł;1 150,00 zł;1 150,00 zł;1 150,00 zł;1 150,00 zł;1 150,00 zł;1 150,00 zł;1 150,00 zł;rezygnacja;;;;;;;;;;;;;;;;;;;;;;;;;;;
5472200973;;Fundacja Dla Pokoleń;;650,41 zł;650,41 zł;650,41 zł;650,41 zł;650,41 zł;650,41 zł;650,41 zł;650,41 zł;650,41 zł;650,41 zł;650,41 zł;650,41 zł;650,41 zł;650,41 zł;650,41 zł;650,41 zł;650,41 zł;650,41 zł;650,41 zł;650,41 zł;650,41 zł;rezygnacja;;;;;;;;;;;;;;;;;;;;;;;;;;
7282799695;;Snzoz Med Med Spółka Z Ograniczoną Odpowiedzialnością;;1 004,40 zł;1 004,40 zł;1 004,40 zł;1 004,40 zł;1 004,40 zł;1 004,40 zł;1 004,40 zł;1 004,40 zł;1 004,40 zł;1 004,40 zł;1 004,40 zł;1 004,40 zł;1 004,40 zł;1155,06;1 155,06 zł;1 155,06 zł;1 155,06 zł;1 155,06 zł;1 155,06 zł;1 155,06 zł;1 155,06 zł;rezygnacja;;;;;;;;;;;;;;;;;;;;;;;;;;
7181974501;;Medessence Olga Cytrynowicz;;47,00 zł;47,00 zł;47,00 zł;47,00 zł;47,00 zł;47,00 zł;47,00 zł;47,00 zł;47,00 zł;47,00 zł;47,00 zł;47,00 zł;;;;;;540,50 zł;540,50 zł;540,50 zł;540,50 zł;rezygnacja;;;;;;;;;;;;;;;;;;;;;;;;;;
5213782466;;Ratyński Dental Clinic Józefów Spółka Komandytowa;;1 910,00 zł;1 910,00 zł;1 910,00 zł;1 910,00 zł;1 910,00 zł;1 910,00 zł;1 910,00 zł;1 910,00 zł;1 910,00 zł;1 910,00 zł;1 910,00 zł;1 910,00 zł;2 196,50 zł;2 196,50 zł;2 196,50 zł;2 196,50 zł;2 196,50 zł;2 196,50 zł;2 196,50 zł;2 196,50 zł;2 196,50 zł;2 196,50 zł;rezygnacja;;;;;;;;;;;;;;;;;;;;;;;;;
9452222181;;Effi Clinic Spółka Z Ograniczoną Odpowiedzialnością;;625,00 zł;625,00 zł;312,50 zł;625,00 zł;312,50 zł;625,00 zł;625,00 zł;625,00 zł;625,00 zł;625,00 zł;625,00 zł;625,00 zł;625,00 zł;718,75;718,75 zł;718,75 zł;718,75 zł;718,75 zł;718,75 zł;718,75 zł;718,75 zł;718,75 zł;rezygnacja;;;;;;;;;;;;;;;;;;;;;;;;;
6751504715;;Ortotop Spółka Z Ograniczoną Odpowiedzialnością;;1 450,00 zł;1 450,00 zł;1 450,00 zł;1 450,00 zł;1 450,00 zł;1 450,00 zł;1 450,00 zł;1 450,00 zł;1 450,00 zł;1 450,00 zł;1 450,00 zł;1 450,00 zł;1 450,00 zł;1667,5;1 667,50 zł;1 667,50 zł;1 667,50 zł;1 667,50 zł;1 667,50 zł;1 667,50 zł;1 667,50 zł;1 667,50 zł;rezygnacja;;;;;;;;;;;;;;;;;;;;;;;;;
8581700110;944;Przychodnia Weterynaryjna Jagusz Vet Centrum Hubert Jagusz;;;;;;;;;;;;;;;;;906,50 zł;906,50 zł;906,50 zł;906,50 zł;906,50 zł;906,50 zł;906,50 zł;906,50 zł;rezygnacja;;;;;;;;;;;;;;;;;;;;;;;;
6831994093;;Arwet Rafał Korta I Wspólnicy Spółka Jawna;;853,60 zł;1 067,00 zł;1 067,00 zł;1 067,00 zł;1 067,00 zł;1 067,00 zł;1 067,00 zł;1 067,00 zł;1 067,00 zł;1 067,00 zł;1 067,00 zł;1 067,00 zł;1 067,00 zł;1 067,00 zł;1 067,00 zł;1 067,00 zł;1 067,00 zł;1 067,00 zł;1 067,00 zł;1 067,00 zł;rezygnacja;;;;;;;;;;;;;;;;;;;;;;;;;;;
6772450723;416;Euromedica - Europejskie Centrum Medycyny Specjalistycznej Spółka Z Ograniczoną Odpowiedzialnością Spółka Komandytowa;;250,00 zł;250,00 zł;250,00 zł;250,00 zł;250,00 zł;250,00 zł;250,00 zł;250,00 zł;250,00 zł;250,00 zł;250,00 zł;250,00 zł;250,00 zł;287,5;287,50 zł;287,50 zł;287,50 zł;287,50 zł;287,50 zł;287,50 zł;287,50 zł;287,50 zł;287,50 zł;rezygnacja;;;;;;;;;;;;;;;;;;;;;;;;
9522076099;;Katarzyna Zielińska Clinical Med;;;;;;;;;;;;;;;;;295,00 zł;295,00 zł;295,00 zł;295,00 zł;295,00 zł;295,00 zł;295,00 zł;295,00 zł;rezygnacja;;;;;;;;;;;;;;;;;;;;;;;;
9571075450;;Trójmiejska Klinika Weterynaryjna;;1 626,02 zł;1 626,02 zł;1 626,02 zł;1 626,02 zł;1 656,79 zł;1 785,02 zł;1 785,02 zł;1 785,02 zł;1 785,02 zł;1 785,02 zł;1 785,02 zł;1 785,02 zł;1 785,02 zł;1 785,02 zł;1 785,02 zł;1 785,02 zł;1 785,02 zł;1 785,02 zł;1 785,02 zł;rezygnacja;;;;;;;;;;;;;;;;;;;;;;;;;;;;
9571075450;925;Trójmiejska Przychodnia Weterynaryjna Pruszcz Gdański;;;neo;;;;;;;;;;;;1 014,30 zł;1 014,30 zł;1 014,30 zł;1 014,30 zł;1 014,30 zł;1 014,30 zł;rezygnacja;;;;;;;;;;;;;;;;;;;;;;;;;;;;
5361922350;335;Ultra Med Spółka Z Ograniczoną Odpowiedzialnością;;;1 364,00 zł;1 364,00 zł;1 364,00 zł;1 364,00 zł;1 364,00 zł;1 364,00 zł;1 364,00 zł;1 364,00 zł;1 364,00 zł;1 364,00 zł;1 364,00 zł;1 568,60 zł;1 568,60 zł;1 568,60 zł;1 568,60 zł;1 568,60 zł;1 568,60 zł;;;;;;;;;;;;;;;;;;;;;;;;;;;;;;
8943083506;261;Centrum Rehabilitacji C.r. Modus Spółka Z Ograniczoną Odpowiedzialnością;CR Modus;742,50 zł;742,50 zł;742,50 zł;742,50 zł;742,50 zł;742,50 zł;742,50 zł;742,50 zł;742,50 zł;742,50 zł;742,50 zł;742,50 zł;rezygnacja;;;;;;;;;;;;;;;;;;;;;;;;;;;;;;;;;;;
6431621201;257;Blueball Krzysztof Olech;BlueBall Siemianowice Śląskie;300,00 zł;300,00 zł;300,00 zł;300,00 zł;300,00 zł;300,00 zł;300,00 zł;300,00 zł;300,00 zł;300,00 zł;300,00 zł;300,00 zł;300,00 zł;345,00 zł;345,00 zł;345,00 zł;345,00 zł;345,00 zł;345,00 zł;345,00 zł;345,00 zł;345,00 zł;345,00 zł;345,00 zł;rezygnacja;;;;;;;;;;;;;;;;;;;;;;;
7492088894;593;Centrum Rehabilitacji I Kardiologii Solutaris Prokopczuk Spółka Jawna;CM Solutaris Kędzierzyn-Koźle;1 300,00 zł;1 300,00 zł;1 300,00 zł;1 300,00 zł;1 300,00 zł;1 300,00 zł;1 300,00 zł;1 300,00 zł;1 300,00 zł;1 300,00 zł;1 300,00 zł;1 300,00 zł;1 300,00 zł;1 495,00 zł;1 495,00 zł;1 495,00 zł;1 495,00 zł;1 495,00 zł;1 495,00 zł;1 495,00 zł;1 495,00 zł;1 495,00 zł;1 495,00 zł;1 495,00 zł;rezygnacja;;;;;;;;;;;;;;;;;;;;;;;
5262813327;735;Przychodnia Weterynaryjna - Morawscy - Dorota Morawska-Końska;Przychodnia Weterynaryjna Morawscy;813,00 zł;813,00 zł;813,00 zł;813,00 zł;813,00 zł;813,00 zł;813,00 zł;813,00 zł;813,00 zł;813,00 zł;813,00 zł;813,00 zł;813,00 zł;813,00 zł;813,00 zł;813,00 zł;813,00 zł;813,00 zł;813,00 zł;813,00 zł;813,00 zł;813,00 zł;813,00 zł;813,00 zł;rezygnacja;;;;;;;;;;;;;;;;;;;;;;;
9222695757;;Centrum Okulistyki Oko-Med. Spółka Z Ograniczoną Odpowiedzialnością;Oko Med;780,65 zł;800,00 zł;800,00 zł;800,00 zł;800,00 zł;800,00 zł;800,00 zł;800,00 zł;800,00 zł;800,00 zł;800,00 zł;800,00 zł;800,00 zł;800,00 zł;800,00 zł;800,00 zł;800,00 zł;800,00 zł;800,00 zł;800,00 zł;800,00 zł;800,00 zł;800,00 zł;800,00 zł;rezygnacja;;;;;;;;;;;;;;;;;;;;;;;
7011106763;922;Interfizjo Spółka Akcyjna;Interfizjo;;;;;;;;;;;;842,42 zł;1 135,43 zł;1 135,43 zł;1 135,43 zł;1 135,43 zł;1 304,43 zł;1 304,43 zł;1 304,43 zł;1 304,43 zł;1 304,43 zł;1 304,43 zł;1 304,43 zł;1 304,43 zł;1 304,43 zł;rezygnacja;rezygnacja;;;;;;;;;;;;;;;;;;;;;
7262648898;785;Poddębina Med W. Piekarska Spółka Komandytowa;Dom Seniora Poddębina;;212,23 zł;990,40 zł;990,40 zł;990,40 zł;990,40 zł;990,40 zł;990,40 zł;990,40 zł;990,40 zł;990,40 zł;990,40 zł;990,40 zł;1138,96;1 138,96 zł;1 138,96 zł;1 138,96 zł;1 138,96 zł;1 138,96 zł;1 138,96 zł;1 138,96 zł;1 138,96 zł;1 138,96 zł;1 138,96 zł;1 138,96 zł;1 138,96 zł;rezygnacja;rezygnacja;;;;;;;;;;;;;;;;;;;;
5213095056;39;Sport Medica Spółka Akcyjna;Sport Medica | Optimum Klinika Głowy i Szyi;1 400,00 zł;1 400,00 zł;1 400,00 zł;1 400,00 zł;1 400,00 zł;1 400,00 zł;1 400,00 zł;1 400,00 zł;1 400,00 zł;1 400,00 zł;1 400,00 zł;1 400,00 zł;1 400,00 zł;1 400,00 zł;1 400,00 zł;1 400,00 zł;1 400,00 zł;1 400,00 zł;1 400,00 zł;1 400,00 zł;1 400,00 zł;1 400,00 zł;1 400,00 zł;1 400,00 zł;1 400,00 zł;1 400,00 zł;1 400,00 zł;rezygnacja;rezygnacja;;;;;;;;;;;;;;;;;;;
5222999260;336;Libermedic Grabska - Liberek I. Liberek B. Spółka Jawna;Libermedic;623,00 zł;623,00 zł;623,00 zł;623,00 zł;623,00 zł;623,00 zł;623,00 zł;623,00 zł;623,00 zł;623,00 zł;623,00 zł;623,00 zł;623,00 zł;716,45;716,45 zł;716,45 zł;716,45 zł;716,45 zł;716,45 zł;716,45 zł;716,45 zł;716,45 zł;1 034,45 zł;1 034,45 zł;716,45;716,45 zł;rezygnacja;;;;;;;;;;;;;;;;;;;;;
9721190768;942;Centrum Medyczne Mediraj Sp. z o. o.;CM MediRaj;;;;;;;;;;;;;620,13 zł;1 602,00 zł;1 602,00 zł;1 602,00 zł;1 602,00 zł;1 602,00 zł;1 602,00 zł;1 602,00 zł;1 602,00 zł;1 602,00 zł;1 602,00 zł;1 602,00 zł;1 602,00 zł;1 602,00 zł;rezygnacja;;;;;;;;;;;;;;;;;;;;;
6783144467;;Medtour Sp. z o. o.;DentEstetica;;;;;;;;;;;;;;;;;;;;;634,83 zł;1 465,00 zł;1 465,00 zł; 1 465,00 ; 1 465,00 ; 1 465,00 ;rezygnacja;;;;;;;;;;;;;;;;;;;;;
9141566659;;Max Hemp Spółka Z Ograniczoną Odpowiedzialnością;Max Hemp;960,30 zł;960,30 zł;1 119,30 zł;1 119,30 zł;1 119,30 zł;1 119,30 zł;1 119,30 zł;1 119,30 zł;1 119,30 zł;1 119,30 zł;1 119,30 zł;1 119,30 zł;1 119,30 zł;1 287,20 zł;1 287,20 zł;1 287,20 zł;1 287,20 zł;1 287,20 zł;1 287,20 zł;1 287,20 zł;1 287,20 zł;1 287,20 zł;1 287,20 zł;1 287,20 zł;1 287,20 zł;1 287,20 zł;1 287,20 zł;rezygnacja;;;;;;;;;;;;;;;;;;;;
6692304416;753;La Dentica Gabinety Stomatologiczne Joanna Sobczyk;La Dentica;750,00 zł;750,00 zł;750,00 zł;750,00 zł;971,90 zł;1 067,00 zł;1 067,00 zł;1 067,00 zł;1 067,00 zł;1 067,00 zł;1 067,00 zł;1 067,00 zł;1 067,00 zł;1 067,00 zł;1 067,00 zł;1 067,00 zł;1 067,00 zł;1 067,00 zł;1 067,00 zł;1 067,00 zł;1 067,00 zł;1 067,00 zł;1 067,00 zł;1 067,00 zł;1 067,00 zł;1 067,00 zł;1 067,00 zł;rezygnacja;rezygnacja;;;;;;;;;;;;;;;;;;;
8371638959;1000000062;Klinika HB ;Klinika Hb Dorota Basista;;;;;;;;;;;;;;;;;;;;;;;;;; 528,55 ; 958,00 ; 958,00 ;rezygnacja;rezygnacja;;;;;;;;;;;;;;;;;;
7792008244;642;Przychodnia Weterynaryjna ”Na Polance” Katarzyna Marciniak;Weterynaria na Polance;893,00 zł;893,00 zł;893,00 zł;893,00 zł;893,00 zł;893,00 zł;893,00 zł;893,00 zł;893,00 zł;893,00 zł;893,00 zł;893,00 zł;893,00 zł;893,00 zł;893,00 zł;893,00 zł;893,00 zł;893,00 zł;893,00 zł;893,00 zł;893,00 zł;893,00 zł;893,00 zł;893,00 zł;893,00 zł;893,00 zł;893,00 zł; 893,00 ; 893,00 ; 893,00 ;rezygnacja;;;;;;;;;;;;;;;;;
9111914587;946;Przychodnia Weterynaryjna Jarosław Garbowski VoIP;;;;;;;;;;;;;;;;396,75 zł;396,75 zł;396,75 zł;396,75 zł;396,75 zł;396,75 zł;396,75 zł;396,75 zł;396,75 zł;396,75 zł;rezygnacja;;;;;;;;;;;;;;;;;;;;;;;
5472100071;590;Nowoczesne Centrum Stomatologii Sypień Spółka z ograniczoną odpowiedzialnością;Stomatologia Sypień;749,00 zł;749,00 zł;908,00 zł;908,00 zł;908,00 zł;908,00 zł;908,00 zł;908,00 zł;908,00 zł;908,00 zł;908,00 zł;908,00 zł;908,00 zł;1 044,20 zł;1 044,20 zł;1 044,20 zł;1 044,20 zł;1 044,20 zł;1 044,20 zł;1 044,20 zł;1 044,20 zł;1 044,20 zł;1 044,20 zł;1 044,20 zł;1 044,20 zł;1 044,20 zł;1 044,20 zł;1 044,20 zł;1 044,20 zł;rezygnacja;;;;;;;;;;;;;;;;;;
6342945468;571;Dębowa 105 Stomatologia I Medycyna Estetyczna Spółka Z Ograniczoną Odpowiedzialnością;Dębowa 105;804,80 zł;804,80 zł;804,80 zł;804,80 zł;804,80 zł;804,80 zł;804,80 zł;804,80 zł;804,80 zł;804,80 zł;804,80 zł;804,80 zł;804,80 zł;925,52 zł;925,52 zł;925,52 zł;925,52 zł;925,52 zł;925,52 zł;925,52 zł;925,52 zł;925,52 zł;925,52 zł;925,52 zł;925,52 zł;925,52 zł;925,52 zł;925,52 zł;925,52 zł;rezygnacja;;;;;;;;;;;;;;;;;;
7822767033;248;VBV Spółka Z Ograniczoną Odpowiedzialnością Spółka Komandytowa;Medical Prestige Poznań;1 220,00 zł;1 220,00 zł;1 220,00 zł;1 200,00 zł;1 200,00 zł;1 200,00 zł;1 200,00 zł;1 200,00 zł;1 200,00 zł;1 220,00 zł;1 220,00 zł;1 220,00 zł;1 403,00 zł;1 403,00 zł;;;;;;;;;;;;;;;;;;;;;;;;;;;;;;;;;;
7822767033;303;VBV Spółka Z Ograniczoną Odpowiedzialnością Spółka Komandytowa;Neo Dent Poznań;990,00 zł;990,00 zł;990,00 zł;538,00 zł;538,00 zł;538,00 zł;538,00 zł;538,00 zł;538,00 zł;990,00 zł;990,00 zł;990,00 zł;1 138,50 zł;1 138,50 zł;;;;;;;;;;;;;;;;;;;;;;;;;;;;;;;;;;
8971849110;;Centrum Serca Lc Spółka Z Ograniczoną Odpowiedzialnością;Centrum Serca Lumina Cordis;980,00 zł;980,00 zł;980,00 zł;980,00 zł;980,00 zł;980,00 zł;980,00 zł;980,00 zł;980,00 zł;980,00 zł;980,00 zł;980,00 zł;980,00 zł;1 127,00 zł;;;;;;;;;;;;;;;;;;;;;;;;;;;;;;;;;;
8133791111;887;Fortitudo;Fortitudo;;;;;;;;;;;;;;przejście z voipa na medidesk;1 000,00 zł;1 000,00 zł;1 000,00 zł;rezygnacja;;;;;;;;;;;;;;;;;;;;;;;;;;;;;;
6861691753;828;Niepubliczny Zakład Opieki Zdrowotnej Domowa Opieka Paliatywna Dar-Med Sp. z o. o.;"Dar-Med przez pierwsze 24 miesiące z upustem: 1093,20 zł netto

po 24 miesiącach kwota docelowa: 1261,80 zł netto";;;;;;;1 093,20 zł;1 093,20 zł;1 093,20 zł;1 093,20 zł;1 093,20 zł;1 093,20 zł;0,00 zł;1 093,20 zł;1 093,20 zł;1 093,20 zł;1 093,20 zł;1 093,20 zł;1 093,20 zł;1 093,20 zł;1 093,20 zł;1 093,20 zł;1 093,20 zł;1 093,20 zł;1 093,20 zł;1 093,20 zł;1 093,20 zł;1 093,20 zł;rezygnacja;;;;;;;;;;;;;;;;;;;
5222586517;;SZPZLO Warszawa Bemowo - Włochy;SZPZLO Warszawa Bemowo - Włochy;;;;;;;;;;;;;;;;;;;;;;;;;;;;;;;;;;;;;;;;;;;;;;;;
6922315643;;Niepubliczny Zakład Opieki Zdrowotnej Ośrodek Medycyny Pracy Sp. z o. o.;OMP Lubin Grupa Medicus (MR);;;;;;;;;;;;;;;;;259,45 zł;1 149,00 zł;1 149,00 zł;1 149,00 zł;1 149,00 zł; 1 149,00 ; 1 149,00 ;;;;;;;;;;;;;;;;;;;;;;;;;
1181640926;;Centrum Medyczne i Rehabilitacji Kriosonik Spółka z ograniczoną odpowiedzialnością Spółka Jawna;Kriosonik Siedlce (upselling Wizyty Domowe);;;;;;;;143,61 zł;636,00 zł;636,00 zł;636,00 zł;636,00 zł;;;;731,40 zł;731,40 zł;731,40 zł;731,40 zł;731,40 zł;731,40 zł;731,40 zł;731,40 zł;731,40 zł;731,40 zł;;;;;;;;;;;;;;;;;;;;;;;
6342823469;89;Mekmed II Spółka Z Ograniczoną Odpowiedzialnością Spółka Komandytowa;Centrum Estetyki Ciała Mekmed II;1 310,00 zł;1 310,00 zł;1 310,00 zł;1 310,00 zł;1 310,00 zł;1 310,00 zł;1 310,00 zł;1 310,00 zł;1 310,00 zł;1 310,00 zł;1 310,00 zł;1 310,00 zł;1 310,00 zł;1506,5;1 506,50 zł;1 506,50 zł;1 506,50 zł;1 506,50 zł;1 506,50 zł;1 506,50 zł;1 506,50 zł;1 506,50 zł;1 506,50 zł;1 506,50 zł;1 506,50 zł;1 506,50 zł;1 506,50 zł;1 506,50 zł;1 506,50 zł;1 506,50 zł;;;;;;;;;;;;;;;;;;
1132457808;441;Centrum Medyczne Damiana Holding Sp. z o. o.;Allenort - Propsyche Myśliborska 44;966,93 zł;966,93 zł;966,93 zł;966,93 zł;966,93 zł;966,93 zł;966,93 zł;966,93 zł;966,93 zł;966,93 zł;966,93 zł;966,93 zł;1 111,97 zł;1 111,97 zł;1 111,97 zł;1 111,97 zł;1 111,97 zł;1 111,97 zł;1 111,97 zł;1 111,97 zł;1 111,97 zł;1 111,97 zł;1 111,97 zł;1 111,97 zł;1 111,97 zł;1 111,97 zł;1 111,97 zł;1 111,97 zł;1 111,97 zł;1 111,97 zł;1 111,97 zł;1 111,97 zł;rezygnacja;;;;;;;;;;;;;;;
1132457808;;Centrum Medyczne Damiana Holding Sp. z o. o.;Allenort - Propsyche Przasnyska 6A;966,93 zł;966,93 zł;966,93 zł;966,93 zł;966,93 zł;966,93 zł;966,93 zł;966,93 zł;966,93 zł;966,93 zł;966,93 zł;966,93 zł;1 111,97 zł;1 111,97 zł;1 111,97 zł;1 111,97 zł;1 111,97 zł;1 111,97 zł;1 111,97 zł;1 111,97 zł;1 111,97 zł;1 111,97 zł;1 111,97 zł;1 111,97 zł;1 111,97 zł;1 111,97 zł;1 111,97 zł;1 111,97 zł;1 111,97 zł;1 111,97 zł;1 111,97 zł;1 111,97 zł;rezygnacja;;;;;;;;;;;;;;;
1132457808;;Centrum Medyczne Damiana Holding Sp. z o. o.;Allenort - Propsyche Sielecka 22/11;966,93 zł;966,93 zł;966,93 zł;966,93 zł;966,93 zł;966,93 zł;966,93 zł;966,93 zł;966,93 zł;966,93 zł;966,93 zł;966,93 zł;1 111,97 zł;1 111,97 zł;1 111,97 zł;1 111,97 zł;1 111,97 zł;1 111,97 zł;1 111,97 zł;1 111,97 zł;1 111,97 zł;1 111,97 zł;1 111,97 zł;1 111,97 zł;1 111,97 zł;1 111,97 zł;1 111,97 zł;1 111,97 zł;1 111,97 zł;1 111,97 zł;1 111,97 zł;1 111,97 zł;rezygnacja;;;;;;;;;;;;;;;
1132457808;;Centrum Medyczne Damiana Holding Sp. z o. o.;Allenort - Psychiatra Allenort Białystok Kawaleryjska 9;509,60 zł;509,60 zł;509,60 zł;509,60 zł;509,60 zł;509,60 zł;509,60 zł;509,60 zł;509,60 zł;509,60 zł;509,60 zł;509,60 zł;586,04 zł;586,04 zł;586,04 zł;586,04 zł;586,04 zł;586,04 zł;586,04 zł;586,04 zł;586,04 zł;586,04 zł;586,04 zł;586,04 zł;586,04 zł;586,04 zł;586,04 zł;586,04 zł;586,04 zł;586,04 zł;586,04 zł;586,04 zł;rezygnacja;;;;;;;;;;;;;;;
1132457808;;Centrum Medyczne Damiana Holding Sp. z o. o.;Allenort - Psychomedica Nabielaka 6/2;509,60 zł;509,60 zł;509,60 zł;509,60 zł;509,60 zł;509,60 zł;509,60 zł;509,60 zł;509,60 zł;509,60 zł;509,60 zł;509,60 zł;586,04 zł;586,04 zł;586,04 zł;586,04 zł;586,04 zł;586,04 zł;586,04 zł;586,04 zł;586,04 zł;586,04 zł;586,04 zł;586,04 zł;586,04 zł;586,04 zł;586,04 zł;586,04 zł;586,04 zł;586,04 zł;586,04 zł;586,04 zł;rezygnacja;;;;;;;;;;;;;;;
9462662763;404;Home Doctor Spółka Z Ograniczoną Odpowiedzialnością;HomeDoctor Telemedycyna;8 673,00 zł;8 918,00 zł;9 555,00 zł;5 439,00 zł;4 459,00 zł;4 214,00 zł;4 361,00 zł;4 900,00 zł;4 655,00 zł;4 900,00 zł;5 586,00 zł;6 419,00 zł;6 664,00 zł;6 909,00 zł;7 350,00 zł;7 399,00 zł;7 889,00 zł;8 036,00 zł;8 134,00 zł;8 820,00 zł;9 065,00 zł;9 555,00 zł;5 978,00 zł;7 350,00 zł;7 350,00 zł;7 350,00 zł;7 350,00 zł;7 350,00 zł;7 350,00 zł;7 350,00 zł;7 350,00 zł;7 350,00 zł;rezygnacja;;;;;;;;;;;;;;;
9462662763;266;Home Doctor Spółka Z Ograniczoną Odpowiedzialnością;HomeDoctor Sp. z o.o.;2 640,00 zł;2 640,00 zł;2 640,00 zł;2 640,00 zł;2 640,00 zł;2 640,00 zł;2 640,00 zł;2 640,00 zł;2 640,00 zł;2 640,00 zł;2 640,00 zł;2 640,00 zł;2 640,00 zł;2 640,00 zł;2 640,00 zł;2 640,00 zł;2 640,00 zł;2 640,00 zł;2 640,00 zł;2 640,00 zł;2 640,00 zł;2 640,00 zł;2 640,00 zł;2 640,00 zł;2 640,00 zł;2 640,00 zł;2 640,00 zł;2 640,00 zł;2 640,00 zł;2 640,00 zł;2 640,00 zł;2 640,00 zł;rezygnacja;;;;;;;;;;;;;;;
8381031650;974;Niepubliczny Zakład Opieki Zdrowotnej Przychodnia Lekarska Neuromedyka Emilia Kotewska-Avramčeva;NZOZ Neuromedyka;;;;;;;;;;;;;;;;1 296,00 zł;1 296,00 zł;1 296,00 zł;1 296,00 zł;1 296,00 zł;1 296,00 zł;1 296,00 zł;1 296,00 zł;1 296,00 zł;1 296,00 zł;1 296,00 zł;1 296,00 zł;1 296,00 zł;1 296,00 zł;1 296,00 zł;1 296,00 zł;1 296,00 zł;1 296,00 zł;1 296,00 zł;rezygnacja;;;;;;;;;;;;;
6731898059;795;Studio Urody Miracle Paulina Wajda;Studio Urody Miracle;;;306,85 zł;528,46 zł;528,46 zł;528,46 zł;528,46 zł;528,46 zł;528,46 zł;528,46 zł;528,46 zł;528,46 zł;528,46 zł;607,73;607,73 zł;607,73 zł;607,73 zł;607,73 zł;607,73 zł;607,73 zł;607,73 zł;607,73 zł;607,73 zł;607,73 zł;607,73 zł;607,73 zł;607,73 zł;607,73 zł;607,73 zł;607,73 zł;607,73 zł;607,73 zł;607,73 zł;607,73 zł;rezygnacja;;;;;;;;;;;;;
6760000150;255;Ars-Medica Spółka Z Ograniczoną Odpowiedzialnością;Ars-Medica Kraków;1 150,00 zł;1 150,00 zł;1 150,00 zł;1 150,00 zł;1 150,00 zł;1 150,00 zł;1 150,00 zł;1 150,00 zł;1 150,00 zł;1 150,00 zł;1 150,00 zł;1 150,00 zł;1 322,50 zł;1 322,50 zł;1 322,50 zł;1 322,50 zł;1 322,50 zł;1 322,50 zł;1 322,50 zł;1 322,50 zł;1 322,50 zł;1 322,50 zł;1 322,50 zł;1 322,50 zł;1 322,50 zł;1 322,50 zł;1 322,50 zł;1 322,50 zł;1 322,50 zł;1 322,50 zł;1 322,50 zł;1 322,50 zł;1 322,50 zł;1 322,50 zł;Rezygnacja;;;;;;;;;;;;;
9950043000;252;Przychodnia Gro-Dent D. Kamieniarz-Orzeł, S. Orzeł Spółka Jawna;Gro-dent Centrum Zdrowia Rodziny;1 450,00 zł;1 450,00 zł;1 450,00 zł;1 450,00 zł;1 450,00 zł;1 450,00 zł;1 450,00 zł;1 450,00 zł;1 450,00 zł;1 450,00 zł;1 450,00 zł;1 450,00 zł;1 667,50 zł;1 667,50 zł;1 667,50 zł;1 667,50 zł;1 667,50 zł;1 667,50 zł;1 667,50 zł;1 667,50 zł;1 667,50 zł;1 667,50 zł;1 667,50 zł;1 667,50 zł;1 667,50 zł;1 667,50 zł;1 667,50 zł;1 667,50 zł;1 667,50 zł;1 667,50 zł;1 667,50 zł;1 667,50 zł;1 667,50 zł;rezygnacja;;;;;;;;;;;;;;
5252615933;21;Centrum Vit Spółka Z Ograniczoną Odpowiedzialnością Spółka Komandytowa;Klinika Witaminowa;0;0;0;0;0;0;345,00 zł;345,00 zł;345,00 zł;690,00 zł;690,00 zł;690,00 zł;690,00 zł;690,00 zł;690,00 zł;690,00 zł;690,00 zł;690,00 zł;690,00 zł;690,00 zł;690,00 zł;690,00 zł;690,00 zł;690,00 zł;690,00 zł;690,00 zł;690,00 zł;690,00 zł;690,00 zł;690,00 zł;690,00 zł;690,00 zł;99,00 zł;99,00 zł;99,00 zł;rezygnacja;;;;;;;;;;;;
5840358054;745;Olicon Spółka Z Ograniczoną Odpowiedzialnością;Olicon | Centrum Terapii Wyspa;1 000,00 zł;1 000,00 zł;1 000,00 zł;1 000,00 zł;1 000,00 zł;1 000,00 zł;1 000,00 zł;1 000,00 zł;1 000,00 zł;1 000,00 zł;1 000,00 zł;1 000,00 zł;1 000,00 zł;1 000,00 zł;1 000,00 zł;1 000,00 zł;1 000,00 zł;1 000,00 zł;1 000,00 zł;1 000,00 zł;1 000,00 zł;1 000,00 zł;1 000,00 zł;1 000,00 zł;1 000,00 zł;1 000,00 zł;1 000,00 zł;1 000,00 zł;1 000,00 zł;1 000,00 zł;1 000,00 zł;1 000,00 zł;1 000,00 zł;1 000,00 zł;1 000,00 zł;1 000,00 zł;reygnacja;;;;;;;;;;;
1133042357;1000000048;Pragamed Spółka Z Ograniczoną Odpowiedzialnością;PragaMed;;;;;;;;;;;;;;;;;;;;;;;; 916,90 ; 1 672,00 ; 1 672,00 ; 1 672,00 ; 1 672,00 ; 1 672,00 ; 1 672,00 ; 1 672,00 ; 1 672,00 ; 1 672,00 ; 1 672,00 ; 1 672,00 ; 1 672,00 ; 1 672,00 ;rezygnacja;;;;;;;;;;
9520002091;469;Etos Centrum Edukacji I Doradztwa Służby Zdrowia Spółka Z Ograniczoną Odpowiedzialnością;Przychodnia Etos Zdrowie;808,00 zł;808,00 zł;808,00 zł;808,00 zł;808,00 zł;808,00 zł;808,00 zł;808,00 zł;808,00 zł;808,00 zł;808,00 zł;808,00 zł;808,00 zł;929,2;929,20 zł;929,20 zł;929,20 zł;929,20 zł;929,20 zł;929,20 zł;929,20 zł;929,20 zł;929,20 zł;929,20 zł;929,20 zł;929,20 zł;929,20 zł;929,20 zł;452,2;452,20 zł;452,20 zł;452,20 zł;452,20 zł;452,20 zł;929,2;929,20 zł;rezygnacja;;;;;;;;;;;
6762484040;688;Centrum Medyczne Multimed Spółka Z Ograniczoną Odpowiedzialnością;Multimed Brzesko;1 010,00 zł;1 010,00 zł;1 010,00 zł;1 010,00 zł;1 010,00 zł;1 010,00 zł;1 010,00 zł;1 010,00 zł;1 010,00 zł;1 010,00 zł;1 010,00 zł;1 010,00 zł;1 010,00 zł;1 161,50 zł;1 161,50 zł;1 161,50 zł;1 161,50 zł;1 161,50 zł;1 161,50 zł;1 161,50 zł;1 161,50 zł;1 161,50 zł;1 161,50 zł;1 161,50 zł;1 161,50 zł;1 161,50 zł;1 161,50 zł;1 161,50 zł;1 161,50 zł;1 161,50 zł;1 161,50 zł;1 161,50 zł;1 161,50 zł;1 161,50 zł;1 161,50 zł;1 161,50 zł;rezygnacja;;;;;;;;;;;
6751209442;950;Vital Medic Sp. z o. o. W Upadłości;Vital Medic Kluczbork;;;;;;;;;;;;;;;1 330,87 zł;1 875,32 zł;1 875,32 zł;1 875,32 zł;1 875,32 zł;1 875,32 zł;1 875,32 zł;1 875,32 zł;1 875,32 zł;1 875,32 zł;1 875,32 zł;1 875,32 zł;1 875,32 zł;1 875,32 zł;1 875,32 zł;1 875,32 zł;1 875,32 zł;1 875,32 zł;1 875,32 zł;1 875,32 zł;1 875,32 zł;1 875,32 zł;rezygnacja;;;;;;;;;;;
;;;Akademia Zdrowia Pasji i Nauki (VoIP);;;;;;;;47,31 zł;293,30 zł;293,30 zł;293,30 zł;293,30 zł;293,30 zł;293,30 zł;rezygnacja;;;;;;;;;;;;;;;;;;;;;;;;;;;;;;;;;
;811;;Beverly Aesthetic Clinic (VoIP);;;;;419,00 zł;419,00 zł;419,00 zł;419,00 zł;419,00 zł;419,00 zł;419,00 zł;419,00 zł;419,00 zł;419,00 zł;;;;;;;;;;;;;;;;;;;;;;;;;;;;;;;;;;
;;;CM Judyta;;59;59;59;59;59;59;59;59;59;59;59;59;rezygnacja;;;;;;;;;;;;;;;;;;;;;;;;;;;;;;;;;;
9521356916;707;Niepubliczny Zakład Opieki Zdrowotnej Centrum Janusz Leśnik;NZOZ Centrum Hipolitów;1 483,00 zł;1 483,00 zł;1 483,00 zł;1 642,00 zł;1 642,00 zł;1 642,00 zł;1 642,00 zł;1 642,00 zł;1 642,00 zł;1 642,00 zł;1 642,00 zł;1 620,90 zł;1 801,00 zł;2071,15;2 071,15 zł;2 071,15 zł;2 071,15 zł;2 071,15 zł;2 071,15 zł;2 071,15 zł;2 071,15 zł;2 071,15 zł;2 071,15 zł;2 071,15 zł;2 071,15 zł;2 071,15 zł;2 071,15 zł;2 071,15 zł;2 071,15 zł;2 071,15 zł;2 071,15 zł;2 071,15 zł;2 071,15 zł;2 071,15 zł;2 071,15 zł;2 071,15 zł;2 071,15 zł;2 071,15 zł;rezygnacja;;;;;;;;;
9552376162;345;Fizjoline Spółka Cywilna Beata Król, Rafał Wokrój;Fizjoline - Szczecin;625,00 zł;625,00 zł;625,00 zł;625,00 zł;625,00 zł;625,00 zł;625,00 zł;625,00 zł;625,00 zł;625,00 zł;625,00 zł;625,00 zł;625,00 zł;718,75;718,75 zł;718,75 zł;718,75 zł;718,75 zł;718,75 zł;718,75 zł;718,75 zł;718,75 zł;718,75 zł;718,75 zł;718,75 zł;718,75 zł;718,75 zł;718,75 zł;718,75 zł;718,75 zł;718,75 zł;718,75 zł;718,75 zł;718,75 zł;718,75 zł;718,75 zł;718,75 zł;718,75 zł;przejście na voipa;;;;;;;;;
5252800889;580;Bodyclinic Spółka Z Ograniczoną Odpowiedzialnością Spółka Komandytowa;BodyClinic Warszawa;1 057,00 zł;1 057,00 zł;1 057,00 zł;1 057,00 zł;1 057,00 zł;1 057,00 zł;1 057,00 zł;1 057,00 zł;1 057,00 zł;1 057,00 zł;1 057,00 zł;1 057,00 zł;1 057,00 zł;1 215,55 zł;1 215,55 zł;1 215,55 zł;1 215,55 zł;1 215,55 zł;1 215,55 zł;1 215,55 zł;1 215,55 zł;1 215,55 zł;1 215,55 zł;1 215,55 zł;1 215,55 zł;1 215,55 zł;1 215,55 zł;1 215,55 zł;1 215,55 zł;1328,216667;1 384,55 zł;1 384,55 zł;1 423,98 zł;1 553,55 zł;1 553,55 zł;1 553,55 zł;1 871,55 zł;1 871,55 zł;1 871,55 zł;rezygnacja;;;;;;;;
8952237825;689;Optovet Sp. z o. o.;OptoVet;726,00 zł;726,00 zł;726,00 zł;726,00 zł;726,00 zł;726,00 zł;726,00 zł;726,00 zł;726,00 zł;726,00 zł;726,00 zł;726,00 zł;726,00 zł;726,00 zł;726,00 zł;726,00 zł;726,00 zł;726,00 zł;726,00 zł;726,00 zł;726,00 zł;726,00 zł;726,00 zł;726,00 zł;726,00 zł;726,00 zł;726,00 zł; 726,00 ; 726,00 ; 726,00 ; 726,00 ; 726,00 ; 726,00 ; 726,00 ; 726,00 ; 726,00 ;rezygnacja;;;;;;;;;;;
6312291826;;;Med-POZ (VoIP);459,00 zł;459,00 zł;459,00 zł;459,00 zł;459,00 zł;459,00 zł;459,00 zł;459,00 zł;459,00 zł;459,00 zł;459,00 zł;459,00 zł;459,00 zł;459,00 zł;459,00 zł;459,00 zł;459,00 zł;459,00 zł;459,00 zł;459,00 zł;459,00 zł;459,00 zł;459,00 zł;459,00 zł;459,00 zł;459,00 zł;459,00 zł;459,00 zł;459,00 zł;459,00 zł;459,00 zł;459,00 zł;459,00 zł;459,00 zł;459,00 zł;459,00 zł;rezygnacja;;;;;;;;;;;
5222928662;33;Victi Spółka Z Ograniczoną Odpowiedzialnością;NZOZ Victi;243,90 zł;243,90 zł;243,90 zł;243,90 zł;243,90 zł;243,90 zł;243,90 zł;243,90 zł;243,90 zł;243,90 zł;243,90 zł;243,90 zł;243,90 zł;280,49;280,49 zł;280,49 zł;280,49 zł;280,49 zł;280,49 zł;280,49 zł;280,49 zł;280,49 zł;280,49 zł;280,49 zł;280,49 zł;280,49 zł;280,49 zł;280,49 zł;280,49 zł;280,49 zł;280,49 zł;280,49 zł;280,49 zł;280,49 zł;280,49 zł;280,49 zł;280,49 zł;280,49 zł;280,49 zł;rezygnacja;;;;;;;;
9512470819;291;Barwijuk Clinics Spółka Z Ograniczoną Odpowiedzialnością Spółka Komandytowa;Medifem Klinika Kobiet (Barwijuk);1 450,00 zł;1 450,00 zł;1 450,00 zł;1 450,00 zł;1 450,00 zł;1 450,00 zł;1 450,00 zł;1 450,00 zł;1 450,00 zł;1 450,00 zł;1 450,00 zł;1 450,00 zł;1 667,50 zł;1 667,50 zł;1 667,50 zł;1 667,50 zł;1 667,50 zł;1 667,50 zł;1 667,50 zł;1 667,50 zł;1 667,50 zł;1 667,50 zł;1 667,50 zł;1 667,50 zł;1 667,50 zł;1 667,50 zł;1 667,50 zł;1 667,50 zł;1 667,50 zł;1 667,50 zł;1 667,50 zł;1 667,50 zł;1 667,50 zł;1 667,50 zł;1 667,50 zł;1 667,50 zł;1 667,50 zł;1 667,50 zł;1 667,50 zł;przejście na voipa;;;;;;;;
1132742696;362;Tulip Medical Group Ziemlewski Spółka Komandytowo-Akcyjna;Klinika Ziemlewski;490,00 zł;490,00 zł;490,00 zł;490,00 zł;490,00 zł;490,00 zł;490,00 zł;490,00 zł;490,00 zł;490,00 zł;490,00 zł;490,00 zł;490,00 zł;490,00 zł;490,00 zł;490,00 zł;490,00 zł;490,00 zł;490,00 zł;490,00 zł;490,00 zł;490,00 zł;490,00 zł;490,00 zł;490,00 zł;490,00 zł;490,00 zł;490,00 zł;490,00 zł;490,00 zł;490,00 zł;490,00 zł;490,00 zł;490,00 zł;490,00 zł;490,00 zł;490,00 zł;490,00 zł;490,00 zł;rezygnacja;;;;;;;;
6571309828;;Tygrysek;;;;;;;;;;;;;;;;;;;;;;;;297,35 zł;453,97 zł;453,97 zł;453,97 zł;453,97 zł;453,97 zł;453,97 zł;453,97 zł;453,97 zł;453,97 zł;453,97 zł;453,97 zł;rezygnacja;;;;;;;;;;;;;
5272523080;862;Lux Med Sp. z o. o.;Stomatologia Makara | Lux Med Sp. z o. o.;;;;;;;;535,48 zł;830,00 zł;830,00 zł;1 014,47 zł;1 116,00 zł;1 116,00 zł;1283,4;1 283,40 zł;1 283,40 zł;1 283,40 zł;1 283,40 zł;1 283,40 zł;1 283,40 zł;1 283,40 zł;1 283,40 zł;1 283,40 zł;1 283,40 zł;1 283,40 zł;1 283,40 zł;1 283,40 zł;1 283,40 zł;1 283,40 zł;1 283,40 zł;1 283,40 zł;1 283,40 zł;1 283,40 zł;1 283,40 zł;1 283,40 zł;1 283,40 zł;1 283,40 zł;1 283,40 zł;rezygnacja;;;;;;;;;
5070094210;849;Technodent Medycyna Estetyczna Spółka z o.o.;Medycyna Estetyczna Na Księżym Młynie;;;;;;;87,87 zł;454,00 zł;454,00 zł;454,00 zł;454,00 zł;454,00 zł;454,00 zł;522,10 zł;522,10 zł;522,10 zł;522,10 zł;522,10 zł;623,15 zł;1 044,20 zł;1 044,20 zł;1 044,20 zł;1 044,20 zł;1 044,20 zł;1 044,20 zł;1 044,20 zł;1 044,20 zł;1 044,20 zł;1 044,20 zł;1 044,20 zł;1 044,20 zł;1 044,20 zł;1 044,20 zł;1 044,20 zł;1 044,20 zł;1 044,20 zł;1 044,20 zł;1 044,20 zł;zejście na VOIP;;;;;;;;;
5321643282;1000000140;Samodzielny Publiczny Zakład Opieki Zdrowotnej Przychodnia Miejska W Józefowie;Samodzielny Publiczny Zakład Opieki Zdrowotnej Przychodnia Miejska W Józefowie;;;;;;;;;;;;;;;;;;;;;;;;;;;;;;;;;;;;;;;;;rezygnacja;;;;;;;
8521777215;357;Aesthetic Med Prywatne Centrum Chirurgii Plastycznej I Rekonstrukcyjnej Andrzej Dmytrzak;Aesthetic Med Szczecin;1 680,00 zł;1 680,00 zł;1 680,00 zł;1 680,00 zł;1 681,00 zł;1 681,00 zł;1 681,00 zł;1 681,00 zł;1 681,00 zł;1 681,00 zł;1 681,00 zł;1 681,00 zł;1 681,00 zł;1 681,00 zł;1 681,00 zł;1 681,00 zł;1 681,00 zł;1 681,00 zł;1 681,00 zł;1 681,00 zł;1 680,00 zł;1 680,00 zł;1 680,00 zł;1 680,00 zł;1 680,00 zł;1 680,00 zł;1 680,00 zł;1 680,00 zł;1 680,00 zł;1 680,00 zł;1 680,00 zł;1 680,00 zł;1 680,00 zł;1 680,00 zł;1 680,00 zł;1 680,00 zł;1 680,00 zł;1 680,00 zł;1 680,00 zł;rezygnacja;;;;;;;;
6751209442;534;Scanmed Spółka Akcyjna;Gastromed Lublin;;;;;;;;;;;;;;;;;;;;;;;;;;;;;;;;;;;;;1 951,22 zł;1 951,22 zł;1 951,22 zł;rezygnacja;;;;;;;;
7010819366;640;Ezra Uksw Spółka Z Ograniczoną Odpowiedzialnością;Ezra Uksw Spółka Z Ograniczoną Odpowiedzialnością;2 726,00 zł;2 726,00 zł;2 726,00 zł;2 726,00 zł;2 726,00 zł;2 726,00 zł;2 726,00 zł;2 726,00 zł;2 726,00 zł;2 726,00 zł;2 726,00 zł;2 726,00 zł;2 726,00 zł;2 726,00 zł;2 726,00 zł;2 726,00 zł;2 726,00 zł;2 726,00 zł;2 726,00 zł;2 726,00 zł;2 726,00 zł;2 726,00 zł;2 726,00 zł;2 726,00 zł;2 726,00 zł;2 726,00 zł;2 726,00 zł;2 726,00 zł;2 726,00 zł;2 726,00 zł;2 726,00 zł;2 726,00 zł;2 726,00 zł;2 726,00 zł;2 726,00 zł;2 726,00 zł;2 726,00 zł;2 726,00 zł;2 726,00 zł;przejście na voipa;;;;;;;;
8513208336;812;Fizjo Pomoc Medical Center Sp. z o. o. Spółka Komandytowa;Fizjo Pomoc;;;;1 006,00 zł;1 006,00 zł;1 006,00 zł;1 006,00 zł;1 006,00 zł;1 006,00 zł;1 006,00 zł;1 006,00 zł;1 006,00 zł;1 006,00 zł;1156,9;1 156,90 zł;1 156,90 zł;1 156,90 zł;1 156,90 zł;1 156,90 zł;1 156,90 zł;1 156,90 zł;1 156,90 zł;1 156,90 zł;1 156,90 zł;1 156,90 zł;1 156,90 zł;1 156,90 zł;1 156,90 zł;1 156,90 zł;1 156,90 zł;1 156,90 zł;1 156,90 zł;1 156,90 zł;1 156,90 zł;1 156,90 zł;1 156,90 zł;1 156,90 zł;1 156,90 zł;1 156,90 zł;rezygnacja;;;;;;;;
8992770431;523;Medfemina Sp. z o. o. Szpital Spółka Komandytowa;Medfemina;;;;1 248,13 zł;1 628,00 zł;1 628,00 zł;1 628,00 zł;1 628,00 zł;1 628,00 zł;1 628,00 zł;1 628,00 zł;1 628,00 zł;1 872,20 zł;1 872,20 zł;1 872,20 zł;1 872,20 zł;1 872,20 zł;1 872,20 zł;1 872,20 zł;1 872,20 zł;1 872,20 zł;1 872,20 zł;1 872,20 zł;1 872,20 zł;1 872,20 zł;1 872,20 zł;1 872,20 zł;1 872,20 zł;1 872,20 zł;1 872,20 zł;1 872,20 zł;1 872,20 zł;1 872,20 zł;1 872,20 zł;1 872,20 zł;1 872,20 zł;1 872,20 zł;1 872,20 zł;1 872,20 zł;rezygnacja;;;;;;;;
8512074804;344;Medimel Indywidualna Specjalistyczna Praktyka Lekarska Katarzyna Ostrowska-Clark;Medimel;490,00 zł;490,00 zł;490,00 zł;490,00 zł;490,00 zł;490,00 zł;490,00 zł;490,00 zł;490,00 zł;490,00 zł;490,00 zł;490,00 zł;490,00 zł;563,5;563,50 zł;563,50 zł;563,50 zł;563,50 zł;563,50 zł;563,50 zł;563,50 zł;563,50 zł;563,50 zł;563,50 zł;563,50 zł;563,50 zł;563,50 zł;563,50 zł;563,50 zł;563,50 zł;563,50 zł;563,50 zł;563,50 zł;563,50 zł;563,50 zł;563,50 zł;563,50 zł;563,50 zł;563,50 zł;563,50 zł;rezygnacja;;;;;;;
6572922910;557;Re Vitae Medycyna Estetyczna I Chirurgia Plastyczna Spółka Z Ograniczoną Odpowiedzialnością;Re Vitae;800,00 zł;800,00 zł;800,00 zł;800,00 zł;800,00 zł;800,00 zł;800,00 zł;800,00 zł;800,00 zł;800,00 zł;800,00 zł;800,00 zł;800,00 zł;920,00 zł;920,00 zł;920,00 zł;920,00 zł;920,00 zł;920,00 zł;920,00 zł;920,00 zł;920,00 zł;920,00 zł;920,00 zł;920,00 zł;920,00 zł;920,00 zł;920,00 zł;920,00 zł;920,00 zł;920,00 zł;920,00 zł;920,00 zł;920,00 zł;920,00 zł;920,00 zł;920,00 zł;920,00 zł;920,00 zł;920,00 zł;230,00 zł;rezygnacja;;;;;;
9512515114;893;Arenamed-Rehabilitacja Medyczna Sp. z o. o.;Rehadent;;;;;;;;;;877,94 zł;972,00 zł;972,00 zł;972,00 zł;1117,8;1 117,80 zł;1 117,80 zł;1 117,80 zł;1 117,80 zł;1 117,80 zł;1 117,80 zł;1 117,80 zł;1 117,80 zł;1 117,80 zł;1 117,80 zł;1 117,80 zł;1 117,80 zł;1 117,80 zł;1 117,80 zł;1 117,80 zł;1 117,80 zł;1 117,80 zł;1 117,80 zł;1 117,80 zł;1 117,80 zł;1 117,80 zł;1 117,80 zł;1 117,80 zł;1 117,80 zł; 1 319,00 ; 1 319,00 ; 1 319,00 ;rezygnacja;;;;;;
5213976638;1000000037;Medical Clinic of Warsaw (CM Artevena) ;Medical Clinic of Warsaw (CM Artevena) ;;;;;;;;;;;;;;;;;;;;;;;586,4; 733,00 ; 733,00 ; 733,00 ; 733,00 ; 733,00 ; 733,00 ; 733,00 ; 733,00 ; 733,00 ; 733,00 ; 733,00 ; 733,00 ; 1 098,75 ; 1 098,75 ; 1 098,75 ; 1 098,75 ; 1 098,75 ; 1 098,75 ; rezygnacja ;;;;;;
8992866645;643;Chirurgia I Dermatologia Estetyczna Dzieci I Dorosłych Bagłaj Spółka Z Ograniczoną Odpowiedzialnością;CHIDE Bagłaj;693,55 zł;693,55 zł;693,55 zł;693,55 zł;693,55 zł;693,55 zł;693,55 zł;693,55 zł;693,55 zł;693,55 zł;693,55 zł;693,55 zł;693,55 zł;797,58 zł;797,58 zł;797,58 zł;797,58 zł;797,58 zł;797,58 zł;797,58 zł;797,58 zł;797,58 zł;797,58 zł;797,58 zł;797,58 zł;797,58 zł;797,58 zł;797,58 zł;797,58 zł;797,58 zł;797,58 zł;797,58 zł;797,58 zł;797,58 zł;797,58 zł;797,58 zł;797,58 zł;797,58 zł;797,58 zł;797,58 zł;797,58 zł;rezygnacja;;;;;;
9571078158;700;Sim Clinic A. Schreiber K. Chrabkowska Spółka Jawna;Sim Clinic;1 067,00 zł;1 067,00 zł;693,55 zł;1 067,00 zł;1 067,00 zł;1 067,00 zł;1 067,00 zł;1 067,00 zł;1 067,00 zł;1 067,00 zł;1 067,00 zł;1 067,00 zł;1 067,00 zł;1227,05;1 227,05 zł;1 227,05 zł;1 227,05 zł;1 227,05 zł;1 227,05 zł;1 227,05 zł;1 227,05 zł;1 227,05 zł;1 227,05 zł;1 227,05 zł;1 227,05 zł;1 227,05 zł;1 227,05 zł;1 227,05 zł;1 227,05 zł;1 227,05 zł;1 227,05 zł;1 227,05 zł;1 227,05 zł;1 227,05 zł;1 227,05 zł;1 227,05 zł;1 227,05 zł;1 227,05 zł;1 227,05 zł;1 227,05 zł;1 227,05 zł;rezygnacja;;;;;;
7831850472;865;Medicine Clinic Sp. z o. o.;Medicine Clinic (Medyczne Rewolucje);;;;;;;;;;586,55 zł;957,00 zł;957,00 zł;1 116,00 zł;1 116,00 zł;1 116,00 zł;1 116,00 zł;1 116,00 zł;1 116,00 zł;1 116,00 zł;1 116,00 zł;1 116,00 zł;1 116,00 zł;1 116,00 zł;1 116,00 zł;1 116,00 zł;1 116,00 zł;1 116,00 zł;1 116,00 zł;1 116,00 zł;1 116,00 zł;1 116,00 zł;1 116,00 zł;1 116,00 zł;1 116,00 zł;1 116,00 zł;1 116,00 zł;1 116,00 zł;1 116,00 zł;1 116,00 zł;1 116,00 zł;1 116,00 zł;rezygnacja;;;;;;
9691227253;545;Centrum Profilaktyki I Lecznictwa Cenpil Spółka Z Ograniczoną Odpowiedzialnością;CENPiL;1 220,00 zł;1 220,00 zł;1 220,00 zł;1 220,00 zł;1 220,00 zł;1 220,00 zł;1 220,00 zł;1 220,00 zł;1 220,00 zł;1 220,00 zł;1 220,00 zł;1 220,00 zł;1 220,00 zł;1 403,00 zł;1 403,00 zł;1 403,00 zł;1 403,00 zł;1 403,00 zł;1 403,00 zł;1 403,00 zł;1 403,00 zł;1 403,00 zł;1 403,00 zł;1 403,00 zł;1 403,00 zł;1 403,00 zł;1 403,00 zł;1 403,00 zł;1 403,00 zł;1 403,00 zł; 1 100,00 ; 1 100,00 ; 1 100,00 ; 1 100,00 ; 1 100,00 ; 1 100,00 ; 1 100,00 ; 1 100,00 ; 1 100,00 ; 1 100,00 ; rezygnacja ;;;;;;;
5542485321;876;Consultron S. Listopadzki, J. Szyperski, P. Jarzemski Spółka Jawna;Szpital św.Łukasza;;;;;;;;;916,67 zł;1 100,00 zł;1 100,00 zł;1 100,00 zł;1 100,00 zł;1 100,00 zł;1 100,00 zł;1 100,00 zł;1 100,00 zł;1 100,00 zł;1 100,00 zł;1 100,00 zł;1 100,00 zł;1 100,00 zł;1 100,00 zł;1 100,00 zł;1 100,00 zł;1 100,00 zł;1 100,00 zł;1 100,00 zł;1 100,00 zł;1 100,00 zł;1 100,00 zł;1 100,00 zł;1 100,00 zł;1 100,00 zł;1 100,00 zł;1 100,00 zł;1 100,00 zł;1 100,00 zł; 1 375,00 ; 1 375,00 ; 1 375,00 ; 1 375,00 ;rezygnacja;;;;;
6443013625;691;Pro-Femina Piotr Piech I In. Spółka Jawna;Pro-femina;1 219,51 zł;1 219,51 zł;1 219,51 zł;1 219,51 zł;1 219,51 zł;1 219,51 zł;1 219,51 zł;1 219,51 zł;1 219,51 zł;1 219,51 zł;1 219,51 zł;1 219,51 zł;1 219,51 zł;1402,44;1 402,44 zł;1 402,44 zł;1 402,44 zł;1 402,44 zł;1 402,44 zł;1 402,44 zł;1 402,44 zł;1 402,44 zł;1 402,44 zł;1 402,44 zł;1 402,44 zł;1 402,44 zł;1 402,44 zł;1 402,44 zł;1 402,44 zł;1 402,44 zł;1 402,44 zł;1 402,44 zł;1 402,44 zł;1 402,44 zł;1 402,44 zł;1 402,44 zł;1 402,44 zł;1 402,44 zł;1 402,44 zł;1 402,44 zł;1 402,44 zł;1 402,44 zł;przejście na voip;;;;;
5213983383;1000000013;Saykids Spółka Akcyjna;Saykids;;;;;;;;;;;;;;;;;;;;1 803,00 zł;1 803,00 zł;1 846,61 zł;2 124,10 zł;2789,74;2817,00; 2 817,00 ; 2 817,00 ; 2 817,00 ; 2 817,00 ; 2 817,00 ; 2 817,00 ; 2 817,00 ; 2 817,00 ; 2 817,00 ; 2 817,00 ; 2 817,00 ; 2 817,00 ; 2 817,00 ;3 098,70 zł; 3 098,70 ; 3 098,70 ; 3 098,70 ; 3 098,70 ; 3 098,70 ;rezygnacja;;;
5214038422;1000000107;Cliniclab Specjalistyczne Badania Laboratoryjne Spółka Akcyjna;Cliniclab Specjalistyczne Badania Laboratoryjne Spółka Akcyjna;;;;;;;;;;;;;;;;;;;;;;;;;;;;;;; 208,60 ; 718,50 ; 718,50 ; 718,50 ; 718,50 ; 718,50 ; 718,50 ; 718,50 ; 718,50 ; 718,50 ; 718,50 ; 718,50 ; 718,50 ; 718,50 ;rezygnacja;;;
8291543085;447;”Centrum Medyczne” Spółka Z Ograniczoną Odpowiedzialnością;CM Zduńska Wola;718,00 zł;718,00 zł;718,00 zł;718,00 zł;718,00 zł;718,00 zł;718,00 zł;718,00 zł;718,00 zł;718,00 zł;718,00 zł;718,00 zł;718,00 zł;825,70 zł;746,35 zł;746,35 zł;746,35 zł;746,35 zł;746,35 zł;746,35 zł;746,35 zł;746,35 zł;746,35 zł;746,35 zł;746,35 zł;746,35 zł;746,35 zł;746,35 zł;746,35 zł;746,35 zł;746,35 zł;746,35 zł;746,35 zł;746,35 zł;746,35 zł;746,35 zł;746,35 zł;746,35 zł;746,35 zł;746,35 zł;746,35 zł;746,35 zł;746,35 zł;746,35 zł;rezygnacja;;;
9571120216;872;Projekt Uśmiech Bis Sp. z o.o.;Projekt Uśmiech;;;;;;;;;402,67 zł;755,00 zł;755,00 zł;888,03 zł;1 006,00 zł;1156,9;1 156,90 zł;1 156,90 zł;1 156,90 zł;1 156,90 zł;1 181,74 zł;1 266,90 zł;1 266,90 zł;1 266,90 zł;1 266,90 zł;1 266,90 zł;1 266,90 zł;1 435,90 zł;1 435,90 zł;1 435,90 zł;1 435,90 zł;1 435,90 zł;1 435,90 zł;1 435,90 zł;1 435,90 zł;1 435,90 zł;1 435,90 zł;1 435,90 zł;1 435,90 zł;1 435,90 zł; 1 651,29 ; 1 651,29 ; 1 651,29 ; 1 651,29 ; 1 651,29 ; 1 651,29 ; 1 651,29 ;rezygnacja;;
6751694710;792;Estidental Spółka Z Ograniczoną Odpowiedzialnością;EstiDental;;87,60 zł;350,41 zł;350,41 zł;350,41 zł;350,41 zł;350,41 zł;350,41 zł;350,41 zł;350,41 zł;350,41 zł;350,41 zł;350,41 zł;402,97 zł;402,97 zł;402,97 zł;402,97 zł;402,97 zł;402,97 zł;402,97 zł;402,97 zł;402,97 zł;402,97 zł;402,97 zł;402,97 zł;402,97 zł;402,97 zł;402,97 zł;402,97 zł;402,97 zł;402,97 zł;402,97 zł;402,97 zł;402,97 zł;402,97 zł;402,97 zł;402,97 zł;402,97 zł;402,97 zł;402,97 zł;402,97 zł;402,97 zł;402,97 zł;402,97 zł;402,97 zł;rezygnacja;;
